INCOME,SHORT DESCRIPTION,CONVERGED
$20B+ Luck2,"Luck.Entrpnr,Luck.Entrpnr","$20B+ → Educational/training profile: luck-linked entrepreneurship or ownership. Outcome = controlling equity + global scale + rare timing. Observed cases: global technology and AI founders, multinational conglomerate owners, energy, finance, retail, industrial, and real-estate magnates, sovereign-scale capital allocators, venture pioneers, concentrated shareholders, early equity holders, heirs, and family-office principals whose wealth derives from ownership appreciation rather than wage compensation."
$1B Luck1,"Fi$.MBA,Luck.Entrpnr,Luck.Entrpnr","~$1B → Educational/training profile: finance undergraduate or finance-heavy background plus MBA and luck-linked entrepreneurship or ownership. Outcome = scalable enterprise ownership + capital control + liquidity event. Observed cases: unicorn founders, serial entrepreneurs, hedge-fund founders, private-equity managing partners, elite venture capitalists, investment-banking leaders, commercial real-estate developers, franchise empire builders, major investors, and executives with very large equity stakes. Finance/MBA training → capital-allocation capacity; ownership → dominant income mechanism."
$50M MDPhD3,"Fi$.MBA,MD.PhD","~$50M → Educational/training profile: finance undergraduate or finance-heavy background plus MBA and MD/PhD medical-scientist credential. Outcome = rare education/training combination + ownership leverage + scalable professional platform. Observed cases: MD/PhDs leading biotechnology companies, surgeons with device patents, dental-platform owners using large practitioner networks, finance MBAs operating hedge funds or private-equity vehicles, hospital-system CEOs, medical-enterprise founders, professional-services owners, celebrity attorneys, senior investment principals, and CEOs with substantial equity."
$1M MDPhD2,"Fi$.MBA,MD,MD.PhD","~$1M → Educational/training profile: finance undergraduate or finance-heavy background plus MBA, MD medical degree, and MD/PhD medical-scientist credential. Outcome = advanced credential + senior market position + ownership or incentive compensation. Observed cases: specialist physicians, neurosurgeons, plastic surgeons, MD/PhDs directing clinical or biotechnology programs, practice owners, dental-group owners, senior investment bankers, private-equity and hedge-fund professionals, law-firm equity partners, boutique consulting partners, senior technology executives, commercial real-estate operators, software founders, and business owners."
$500K MDPhD1,"Fi$.MBA,BS.JD,MD,MD.PhD","~$500K → Educational/training profile: finance undergraduate or finance-heavy background plus MBA, BS undergraduate degree plus JD, MD medical degree, and MD/PhD medical-scientist credential. Outcome = professional specialization + management responsibility + client, equity, bonus, or distribution income. Observed cases: medical specialists, MD/PhDs, anesthesiologists, clinical department heads, practice-owning dentists, finance MBA executives, private-equity vice presidents, corporate IP partners, law-firm partners, pharmaceutical R&D directors, technology leaders, hospital administrators, defense contractors, consultants, sales executives, and profitable small-business owners."
$400K MD2,"Fi$.MBA,BS.JD,MD,MD.PhD","~$400K → Educational/training profile: finance undergraduate or finance-heavy background plus MBA, BS undergraduate degree plus JD, MD medical degree, and MD/PhD medical-scientist credential. Outcome = high-demand professional credential + senior role + partnership, commission, equity, or recurring revenue. Observed cases: experienced physicians, MD/PhDs, senior dentists, finance MBAs, corporate attorneys, private-equity directors, commercial real-estate developers, chief medical officers, engineering managers, cybersecurity leaders, management consultants, enterprise sales leaders, midsize-company executives, and smaller-firm partners."
$300K MD1,"Fi$.MBA,BS.PhD,BA.JD,BS.JD,MD,MD.PhD","~$300K → Educational/training profile: finance undergraduate or finance-heavy background plus MBA, BS plus PhD, BA plus JD, BS undergraduate degree plus JD, MD medical degree, and MD/PhD medical-scientist credential. Outcome = advanced technical, medical, legal, financial, or executive labor market position. Observed cases: physicians, MD/PhDs, senior finance/MBA professionals, experienced attorneys, technical PhDs, principal AI researchers, patent attorneys, engineering directors, corporate controllers, senior consultants, dental specialists, software engineers and managers, enterprise sales professionals, successful contractors, trades-business owners, and corporate directors."
$250K BSJD2,"Fi$.MBA,BS.PhD,BA.JD,BS.JD,MD","~$250K → Educational/training profile: finance undergraduate or finance-heavy background plus MBA, BS plus PhD, BA plus JD, BS undergraduate degree plus JD, and MD medical degree. Outcome = advanced credential + industry specialization + management, commission, or ownership upside. Observed cases: JD attorneys, finance MBA professionals, early-career or lower-paid physicians, senior corporate counsel, principal software architects, finance directors, technical PhDs in industry, university STEM leaders, dentists, optometrists, cybersecurity leaders, consultants, commercial pilots, construction or trade-company owners, real-estate professionals, and enterprise salespeople."
$200K BSJD1,"Fi$.MBA,BS.MS,BS.PhD,BA.JD,BS.JD","~$200K → Educational/training profile: finance undergraduate or finance-heavy background plus MBA, BS plus MS, BS plus PhD, BA plus JD, and BS undergraduate degree plus JD. Outcome = senior professional labor + technical specialization + bonus, overtime, commission, or equity component. Observed cases: experienced attorneys, finance/MBA professionals, senior software engineers, engineering managers, master's-level technical employees, applied PhDs, corporate counsel, senior risk analysts, biotech principal scientists, actuary directors, data scientists, cybersecurity professionals, technical program managers, nurse anesthetists, pilots, consultants, and construction managers."
$175K BSPhD2,"Trade,Fi$.MBA,BS.MS,BS.PhD,BA.JD,BS.JD","~$175K → Educational/training profile: skilled trade pathway, finance undergraduate or finance-heavy background plus MBA, BS plus MS, BS plus PhD, BA plus JD, and BS undergraduate degree plus JD. Outcome = advanced credential, senior trade skill, specialized management, or small-business profit. Observed cases: master trade contractors, senior data scientists, staff engineers, compliance managers, associate attorneys, healthcare administrators, finance professionals, government contractors, technical salespeople, nurse practitioners, registered nurses with overtime, construction managers, specialized pilots, consultants, project managers, cybersecurity professionals, and small-business owners."
$150K BSPhD1,"Trade,BS,RN,Fi$.MBA,BS.MS,BS.PhD,BA.JD","~$150K → Educational/training profile: skilled trade pathway, BS degree, registered nurse credential, finance undergraduate or finance-heavy background plus MBA, BS plus MS, BS plus PhD, and BA plus JD. Outcome = professional credential + specialized role + regional wage premium or business income. Observed cases: PhD-level professionals, attorneys, finance MBA graduates, registered nurses in high-paying specialties, nurse practitioners, physician assistants, senior engineers, software engineers, IT systems architects, university associate professors, accountants, sales professionals, construction supervisors, electricians, plumbers, trade-business owners, government managers, and small-business operators. Additional outcome pathways include BS-plus-PhD technical/scientific careers and BA-plus-JD legal careers at this income level. Additional observed cases: industry research scientists or applied technical PhDs, and staff or associate attorneys in government, nonprofit, regional-firm, or lower-cost legal markets."
$120K BSMS,"Trade,BA.PhD,BS,RNFi$.MBA,BS.MS,BS.PhD,BA.JD","~$120K → Educational/training profile: skilled trade pathway, BA plus PhD, BS degree, registered nurse credential, finance undergraduate or finance-heavy background plus MBA, BS plus MS, BS plus PhD, and BA plus JD. Outcome = bachelor's/master's credential, registered nursing, skilled trade seniority, or public-sector overtime. Observed cases: engineers, software developers, project managers, accountants, technical salespeople, master electricians, plumbers, business analysts, lab managers, senior teachers, professors, federal employees, police or fire supervisors, construction specialists, finance/MBA employees, early-career attorneys, and stable local business operators. Additional outcome pathways include BS-plus-PhD or BA-plus-PhD research/technical employment and BA-plus-JD legal employment where compensation is moderate. Additional observed cases: research scientists, postdoctoral or university PhD professionals, laboratory or government technical PhDs, and early-career, public-sector, nonprofit, or small-firm attorneys."
$100K Trade3,"Trade,BA.PhD,BS,RNFi$.MBA,BS.MS,BS.PhD,BA.JD","~$100K → Educational/training profile: skilled trade pathway, BA plus PhD, BS degree, registered nurse credential, finance undergraduate or finance-heavy background plus MBA, BS plus MS, BS plus PhD, and BA plus JD. Outcome = experienced technical labor + licensed trade skill + nursing, public-sector, or overtime premium. Observed cases: electricians, plumbers, HVAC technicians, elevator technicians, hospital RNs, mid-level software developers, engineers, IT professionals, accountants, teachers, administrators, police officers, firefighters, government specialists, construction supervisors, logistics managers, laboratory specialists, sales representatives, and certified technicians. Additional outcome pathways include advanced academic credentials—such as BS-plus-PhD or BA-plus-PhD—and BA-plus-JD legal training in lower-paid, public-sector, academic, nonprofit, or early-career roles. Additional observed cases: research scientists, postdoctoral researchers, university or government PhD specialists, staff attorneys, public defenders, prosecutors, legal-aid attorneys, and small-firm associates."
$90K BS2,"Trade,BA.PhD,BS,RNFi$.MBA,BS.MS,BS.PhD,BA.JD","~$90K → Educational/training profile: skilled trade pathway, BA plus PhD, BS degree, registered nurse credential, finance undergraduate or finance-heavy background plus MBA, BS plus MS, BS plus PhD, and BA plus JD. Outcome = bachelor's-level employment + trade certification + nursing or public-sector overtime. Observed cases: nurses, skilled tradespeople, construction supervisors, trade supervisors, engineers, IT specialists, software QA engineers, accountants, operations managers, school department heads, police officers, firefighters, technical sales representatives, federal or state employees, laboratory professionals, military or defense personnel, network administrators, and experienced technicians. Additional outcome pathways include PhD-trained research or academic work and BA-plus-JD legal work in early-career or lower-compensation settings. Additional observed cases: university research associates, laboratory or government PhD specialists, postdoctoral researchers, legal-aid attorneys, public defenders, junior prosecutors, and small-firm attorneys."
$80K BS1,"Trade,BA.PhD,BS,,$.MBA,BS.MS,BA.JD","~$80K → Educational/training profile: skilled trade pathway, BA plus PhD, BS degree, finance/MBA pathway, BS plus MS, and BA plus JD. Outcome = bachelor's degree, moderate-paying master's degree, licensed trade work, or operational supervision. Observed cases: entry-level engineers, staff accountants, teachers with master's degrees, university lecturers, IT administrators, paralegal managers, insurance professionals, police officers, firefighters, electricians, plumbers, HVAC technicians, construction workers, sales representatives, government employees, healthcare technicians, and administrative or operational supervisors. Additional outcome pathways include lower-paid BA-plus-PhD academic/research careers and BA-plus-JD legal careers in public-interest, government, or early-career settings. Additional observed cases: postdoctoral researchers, adjunct or research faculty, nonprofit research PhDs, legal-aid lawyers, junior public defenders, and small-firm or public-sector attorneys."
$77K BAPhD,"BA.MS,Trade,BA.PhD,BS,RN,BA.JD","~$77K → Educational/training profile: BA plus MS, skilled trade pathway, BA plus PhD, BS degree, registered nurse credential, and BA plus JD. Outcome = master's-level employment, bachelor's professional role, nursing, skilled trade work, or lower-paid advanced-degree pathway. Observed cases: staff nurses, assistant professors, research staff, HR specialists, senior paralegals, construction foremen, marketing specialists, teachers, laboratory researchers, junior engineers, accountants, IT professionals, social-service managers, government analysts, firefighters, electricians, construction specialists, and certified technicians. Additional outcome pathways include BA-plus-PhD research/academic employment and BA-plus-JD legal employment in lower-paid markets. Additional observed cases: postdoctoral fellows, research scientists, adjunct faculty, nonprofit or government PhD researchers, legal-aid attorneys, public defenders, and junior small-firm lawyers."
$70K Trade2,"BA,BA.MS,Trade,BA.PhD,BS,BA.JD","~$70K → Educational/training profile: BA degree, BA plus MS, skilled trade pathway, BA plus PhD, BS degree, and BA plus JD. Outcome = bachelor's/master's labor market entry or skilled trade experience. Observed cases: journeyman plumbers and electricians, public-school teachers, junior paralegals, logistics coordinators, junior accountants, IT support professionals, government analysts, police officers, firefighters, HVAC technicians, construction specialists, healthcare technicians, sales representatives, office managers, technical workers, and public-service or nonprofit advanced-degree holders. Additional outcome pathways include lower-paid BA-plus-PhD academic/nonprofit research and BA-plus-JD public-interest or early-career legal work. Additional observed cases: postdoctoral researchers, adjunct instructors, nonprofit research PhDs, legal-aid attorneys, public defenders, and junior attorneys in small firms or government."
$65K Trade1,"BA,BA.MS,Trade,BA.PhD,BS,BA.JD","~$65K → Educational/training profile: BA degree, BA plus MS, skilled trade pathway, BA plus PhD, BS degree, and BA plus JD. Outcome = early professional employment + trade licensure + moderate experience. Observed cases: BA/BS graduates, lower-paid master's graduates, skilled tradespeople, entry-level analysts, executive assistants, MSW social workers, clinical lab technicians, teachers, government and university employees, junior accountants, IT technicians, electricians, plumbers, mechanics, construction workers, healthcare technicians, sales representatives, administrative supervisors, nonprofit staff, and laboratory employees. Additional outcome pathways include low-paid advanced-degree work, including BA-plus-PhD research/teaching and BA-plus-JD public-interest or entry-level legal roles. Additional observed cases: postdoctoral fellows, adjunct faculty, nonprofit researchers with PhDs, legal-aid attorneys, public defenders, and junior lawyers in very small firms or government."
$60K BAMS,"AS,BA,BA.MS,Trade,BA.PhD,BA.JD","~$60K → Educational/training profile: associate degree, BA degree, BA plus MS, skilled trade pathway, BA plus PhD, and BA plus JD. Outcome = associate/bachelor's credential + trade experience + administrative or technical role. Observed cases: research assistants, office managers, entry-level analysts, dental hygienists, trade technicians, police officers, junior account managers, lower-pay teachers, technicians, government employees, electricians, mechanics, construction workers, healthcare support professionals, junior accountants, IT support staff, laboratory employees, sales representatives, and administrative workers. Additional outcome pathways include lower-compensation BA-plus-PhD academic/nonprofit research and BA-plus-JD legal work. Additional observed cases: postdoctoral fellows, adjunct instructors, nonprofit or university PhD researchers, legal-aid attorneys, public-interest lawyers, and entry-level attorneys in small firms or government."
$55K BA2,"Unemp, Retired,GED,AS,BA,BA.MS,Trade","~$55K → Educational/training profile: unemployment or intermittent work, retired status, GED, associate degree, BA degree, BA plus MS, and skilled trade pathway. Outcome = GED/associate/bachelor's pathway + early trade work + hourly premium, pension, or supplemental income. Observed cases: administrative coordinators, customer-service supervisors, HVAC technicians, retail store managers, entry-level technicians, junior bookkeepers, teaching assistants, small-office staff, warehouse supervisors, junior IT staff, healthcare support workers, government clerks, logistics employees, retirees, and hourly workers with overtime."
$50K BA1,"Unemp, Retired,GED,AS,BA,BA.MS","~$50K → Educational/training profile: unemployment or intermittent work, retired status, GED, associate degree, BA degree, and BA plus MS. Outcome = associate or bachelor's credential, experienced GED pathway, retirement income mix, or intermittent employment. Observed cases: office administrators, junior trade workers, bank tellers or supervisors, medical-records specialists, technicians, retail managers, logistics workers, junior IT support, healthcare assistants, construction workers, mechanics, government clerks, customer-service supervisors, and sales representatives."
$45K AS,"Unemp, Retired,GED,AS,BA,BA.MS","~$45K → Educational/training profile: unemployment or intermittent work, retired status, GED, associate degree, BA degree, and BA plus MS. Outcome = associate degree, entry-level bachelor's role, experienced GED pathway, retirement income, or periodic unemployment. Observed cases: medical assistants, office clerks, retail assistant managers, municipal dispatchers, administrative assistants, entry-level technicians, warehouse or logistics employees, junior healthcare support staff, customer-service staff, clerical workers, construction laborers, mechanics, hospitality supervisors, and entry-level technical or sales employees."
$40K GED,"Unemp, Retired,GED,AS,BA","~$40K → Educational/training profile: unemployment or intermittent work, retired status, GED, associate degree, and BA degree. Outcome = GED pathway + entry-level service, clerical, retail, delivery, or warehouse labor. Observed cases: hospitality workers, warehouse team leads, delivery drivers, retail sales associates, security guards, clerical employees, customer-service representatives, school support workers, healthcare aides, construction laborers, entry-level government employees, junior technicians, retirees with limited earned income, and workers affected by hours, overtime, or seasonality."
$35K GED,"Unemp, Retired, govt$,GED","~$35K → Educational/training profile: unemployment or intermittent work, retired status, government-support income, and GED. Outcome = low-wage hourly employment + partial-year work + limited retirement or government assistance. Observed cases: retail workers, food-service employees, call-center representatives, rideshare drivers, home-health aides, warehouse associates, basic clerical staff, cashiers, delivery workers, entry-level construction laborers, hospitality employees, caregivers, GED or high-school graduates, low-pension retirees, and workers whose annual income depends on scheduling."
<$34K GED,"Unemp, Retired, govt$","<$34K → Educational/training profile: unemployment or intermittent work, retired status, and government-support income. Outcome = unemployment, underemployment, part-time low-wage work, limited retirement income, or government assistance. Observed cases: Social Security-dependent retirees, students with limited earnings, part-time service staff, gig workers, caregivers, cleaners, warehouse employees, seasonal laborers, entry-level retail and food-service workers, clerical workers, hospitality staff, and households combining public benefits, family support, savings, or part-time wages."
