Rank,Person,Affiliation,Primary Medium
1,Joe Rogan,SPOTIFY,Podcast / YouTube
2,Sean Hannity,FOX,Cable TV
3,Bill Maher,HBO,Cable TV
4,Laura Ingraham,FOX,Cable TV
5,David Muir,ABC,Broadcast TV
6,Lester Holt,NBC,Broadcast TV
7,Tony Dokoupil,CBS,Broadcast TV
8,Leland Vittert,NEWSNATION,Cable TV
9,Elizabeth Vargas,NEWSNATION,Cable TV
10,Tom Llamas,NBC,Broadcast TV
11,Megyn Kelly,SIRIUSXM,Podcast / YouTube
12,Scott Jennings,CNN,Cable TV
13,Will Cain,FOX,Cable TV
14,Connell McShane,NEWSNATION,Cable TV
15,Jesse Watters,FOX,Cable TV
16,George Stephanopoulos,ABC,Broadcast TV
17,Margaret Brennan,CBS,Broadcast TV
18,Martha MacCallum,FOX,Cable TV
19,Ezra Klein,NYT,Print / Digital
20,Stephen A. Smith,YOUTUBE,Podcast / Digital
21,Ari Shapiro,NPR,Radio
22,Nichole Berlie,NEWSNATION,Cable TV
23,Bret Baier,FOX,Cable TV
24,Norah O'Donnell,CBS,Broadcast TV
25,Ben Shapiro,DAILYWIRE,Podcast / Social
26,Ross Douthat,NYT,Print / Digital
27,Katie Pavlich,NEWSNATION,Cable TV
28,Dana Perino,FOX,Cable TV
29,Blake Burman,NEWSNATION,Cable TV
30,Maggie Haberman,NYT,Print / Digital
31,Michael Smerconish,CNN,Cable TV
32,Mark Levin,FOX,Cable TV
33,Chris Cuomo,NEWSNATION,Cable TV
34,Chris Stirewalt,NEWSNATION,Cable TV
35,Wolf Blitzer,CNN,Cable TV
36,Jesse Weber,NEWSNATION,Cable TV
37,Jessica Tarlov,FOX,Cable TV
38,Craig Melvin,NBC,Broadcast TV
39,Michael Knowles,DAILYWIRE,Podcast / Social
40,Brian Entin,NEWSNATION,Cable TV
41,Steve Inskeep,NPR,Radio
42,Shannon Bream,FOX,Cable TV
43,John Dickerson,CBS,Broadcast TV
44,Brian Kilmeade,FOX,Cable TV
45,Saagar Enjeti,BREAKINGPOINTS,Digital Video
46,Lex Fridman,YOUTUBE,Podcast / YouTube
47,Anderson Cooper,CNN,Cable TV
48,Shawn Ryan,YOUTUBE,Podcast / YouTube
49,Kasie Hunt,CNN,Cable TV
50,David Brooks,NYT / PBS,Print / Digital
51,Bianna Golodryga,CNN,Cable TV
52,Krystal Ball,BREAKINGPOINTS,Digital Video
53,Piers Morgan,YOUTUBE,Digital Video
54,Jake Tapper,CNN,Cable TV
55,Kai Ryssdal,NPR / APM,Radio
56,Jordan Peterson,YOUTUBE,Podcast / Social
57,Peter Doocy,FOX,Cable TV
58,Harris Faulkner,FOX,Cable TV
59,Matt Walsh,DAILYWIRE,Podcast / Social
60,Maureen Dowd,NYT,Print / Digital
61,Kaitlan Collins,CNN,Cable TV
62,Mary Louise Kelly,NPR,Radio
63,Dana Bash,CNN,Cable TV
64,Anna Kooiman,NEWSNATION,Cable TV
65,Terry Gross,NPR,Radio
66,Nate Silver,SUBSTACK,Podcast / Social
67,Ben Meiselas,MEIDASTOUCH,Podcast / YouTube
68,Douglas Murray,Author,Print / Digital
69,Andrew Huberman,YOUTUBE,Podcast / YouTube
70,Nick Smith,NEWSNATION,Cable TV
71,Kristen Welker,NBC,Broadcast TV
72,Deborah Roberts,ABC,Broadcast TV
73,Bill O'Reilly,NO SPIN NEWS,Podcast / Radio
74,Hena Doba,NEWSNATION,Cable TV
75,John King,CNN,Cable TV
76,Greg Gutfeld,FOX,Cable TV
77,Harold Ford Jr.,FOX,Cable TV
78,Sam Harris,YOUTUBE,Podcast / Social
79,Chris Wallace,CNN,Cable TV
80,Ana Kasparian,TYT,Digital Video
81,Chris Hayes,MS NOW,Cable TV
82,Cenk Uygur,TYT,Digital Video
83,Abby Phillip,CNN,Cable TV
84,Amna Nawaz,PBS,Broadcast TV
85,Maria Bartiromo,FOX,Cable TV
86,Lawrence O'Donnell,MS NOW,Cable TV
87,Neil Cavuto,FOX,Cable TV
88,Erin Burnett,CNN,Cable TV
89,Mehdi Hasan,ZETEO,Digital Video
90,Joe Scarborough,MS NOW,Cable TV
91,Mika Brzezinski,MS NOW,Cable TV
92,Dan Bongino,RUMBLE,Podcast / Social
93,John Berman,CNN,Cable TV
94,Rachel Maddow,MS NOW,Cable TV
95,Sarah Isgur,The Dispatch,
96,Laura Ingle,NEWSNATION,Cable TV
97,David French,NYT,
98,Benny Johnson,YOUTUBE,Podcast / Social
99,Fareed Zakaria,CNN,
100,Jonathan Karl,ABC,Broadcast TV
101,Markie Martin,NEWSNATION,Cable TV
102,Coleman Hughes,,
103,Victor Blackwell,CNN,Cable TV
104,Michelle Goldberg,NYT,
105,Steven Crowder,RUMBLE,Podcast / Social
106,Jen Psaki,MS NOW,Cable TV
107,Jane Pauley,CBS,
108,Allie Beth Stuckey,BLAZE,Podcast / Social
109,Matt Taibbi,RACKET,Print / Digital
110,Astead Herndon,NYT,Podcast / Digital
111,Pamela Brown,CNN,Cable TV
112,Vivek Ramaswamy,YOUTUBE,Podcast / Social
113,Kayleigh McEnany,FOX,Cable TV
114,Geoff Bennett,PBS,Broadcast TV
115,Shankar Vedantam,NPR,
116,Brianna Keilar,CNN,Cable TV
117,Michael Barbaro,NYT,Podcast / Digital
118,Savannah Guthrie,NBC,Broadcast TV
119,Ayman Mohyeldin,MS NOW,Cable TV
120,Patrick Bet-David,VALUETAINMENT,Podcast / YouTube
121,Tucker Carlson,TCN,Podcast / Social
122,Reihan Salam,FREE PRESS,Print / Digital
123,Alex Thompson,AXIOS,Print / Digital
124,Marni Hughes,NEWSNATION,Cable TV
125,Natalie Kitroeff,NYT,
126,Steve Kornacki,MS NOW,Cable TV
127,Nicolle Wallace,MS NOW,Cable TV
128,Kate Bolduan,CNN,Cable TV
129,Yamiche Alcindor,NBC,Broadcast TV
130,Jamelle Bouie,NYT,Print / Digital
131,Jon Stewart,SPOTIFY,Podcast / YouTube
132,Jonah Goldberg,,
133,Michael Shellenberger,,
134,Tim Pool,,
135,Dasha Burns,POLITICO,Print / Digital
136,Brett Cooper,,
137,Emily Jashinsky,,
138,Hasan Piker,TWITCH,Podcast / Digital
139,Jonathan Martin,POLITICO,Print / Digital
140,Rob Schmitt,Newsmax cable host,
141,Theo Von,YOUTUBE,
142,Glenn Greenwald,INDEPENDENT,
143,Michel Martin,NPR,
144,Jon Favreau,CROOKED MEDIA,
145,Nellie Bowles,,
146,Jon Lovett,Podcast,
147,Glenn Loury,,
148,Sarah Longwell,,
149,Glenn Beck,BLAZE,Radio
150,Eugene Daniels,POLITICO,Print / Digital