Rank,Person,Affiliation,Primary Medium,ViewerScorey
1,Joe Rogan,SPOTIFY,Podcast / YouTube,"14,900,000"
2,Sean Hannity,FOX,Cable TV,"14,556,081"
3,Bill Maher,HBO,Cable TV,"14,088,042"
4,Laura Ingraham,FOX,Cable TV,"13,927,316"
5,David Muir,ABC,Broadcast TV,"13,854,611"
6,Lester Holt,NBC,Broadcast TV,"13,588,264"
7,Tony Dokoupil,CBS,Broadcast TV,"13,367,175"
8,Leland Vittert,NEWSNATION,Cable TV,"13,155,600"
9,Elizabeth Vargas,NEWSNATION,Cable TV,"13,062,658"
10,Tom Llamas,NBC,Broadcast TV,"12,908,194"
11,Megyn Kelly,SIRIUSXM,Podcast / YouTube,"12,803,872"
12,Scott Jennings,CNN,Cable TV,"12,672,831"
13,Will Cain,FOX,Cable TV,"12,439,615"
14,Connell McShane,NEWSNATION,Cable TV,"12,098,234"
15,Jesse Watters,FOX,Cable TV,"12,096,588"
18,Martha MacCallum,FOX,Cable TV,"10,983,218"
19,Ezra Klein,NYT,Print / Digital,"10,774,514"
23,Bret Baier,FOX,Cable TV,"9,962,958"
26,Ross Douthat,NYT,Print / Digital,"9,389,332"
31,Michael Smerconish,CNN,Cable TV,"8,131,629"
33,Chris Cuomo,NEWSNATION,Cable TV,"7,696,559"
45,Saagar Enjeti,BREAKINGPOINTS,Digital Video,"5,917,407"
52,Krystal Ball,BREAKINGPOINTS,Digital Video,"5,360,159"
54,Jake Tapper,CNN,Cable TV,"4,898,002"
61,Kaitlan Collins,CNN,Cable TV,"4,162,971"
,,,,
,,,,
,,,,
,,,,
,,,,
,,,,
,,,,
,,,,
,,,,
,,,,
,,,,
,,,,
,,,,
,,,,
,,,,
,,,,
,,,,
,,,,
,,,,
,,,,
,,,,
,,,,
,,,,
,,,,
,,,,
,,,,
,,,,
,,,,
,,,,
,,,,
,,,,
,,,,
,,,,
,,,,
,,,,
,,,,