rank,csvPerson,savedLayerName,viewerScoreMillions,distro1,distro2,distro3,distro4,distro5,distro6,distro7,paintedZeroCells,colorsPresent,radialApplied,peakX,peakZ
71,"Kristen Welker","Kristen Welker",3.322237,1.334,0.827,0.508,0.309,0.189,0.151,0.004,194,7,true,6,9
72,"Deborah Roberts","Deborah Roberts",3.271466,1.313,0.814,0.5,0.304,0.186,0.149,0.004,92,7,true,13,11
73,"Bill O'Reilly","Bill O'Reilly",3.186283,1.279,0.793,0.487,0.297,0.182,0.145,0.004,227,7,true,16,13
74,"Hena Doba","Hena Doba",3.129862,1.256,0.779,0.478,0.291,0.178,0.143,0.004,258,7,false,19,13
75,"John King","John King",2.980582,1.196,0.742,0.456,0.277,0.17,0.136,0.004,217,7,true,6,12
76,"Greg Gutfeld","Greg Gutfeld",2.939691,1.18,0.731,0.449,0.274,0.167,0.134,0.004,174,7,true,19,11
77,"Harold Ford Jr.","Harold Ford Jr.",2.834305,1.138,0.705,0.433,0.264,0.161,0.129,0.004,274,7,false,8,8
78,"Sam Harris","Sam Harris",2.832358,1.137,0.705,0.433,0.264,0.161,0.129,0.004,264,7,true,4,16
79,"Chris Wallace","Chris Wallace",2.731011,1.096,0.679,0.417,0.254,0.156,0.124,0.004,87,7,true,13,12
80,"Byron Pitts","Byron Pitts",2.722389,1.093,0.677,0.416,0.253,0.155,0.124,0.004,230,7,true,9,12
81,"Chris Hayes","Chris Hayes",2.668285,1.071,0.664,0.408,0.248,0.152,0.122,0.004,193,7,true,7,11
82,"Cenk Uygur","Cenk Uygur",2.781019,1.116,0.692,0.425,0.259,0.158,0.127,0.004,155,7,true,7,11
83,"David Ignatius","David Ignatius",2.520634,1.012,0.627,0.385,0.235,0.144,0.115,0.004,272,7,true,8,13
84,"George F. Will","George F. Will",2.484696,0.997,0.618,0.38,0.231,0.142,0.113,0.004,287,7,true,19,11
85,"Maria Bartiromo","Maria Bartiromo",2.44666,0.982,0.609,0.374,0.228,0.139,0.111,0.004,243,7,false,16,11
86,"Lawrence O'Donnell","Lawrence O'Donnell",2.342185,0.94,0.583,0.358,0.218,0.133,0.107,0.004,337,7,true,1,11
87,"Neil Cavuto","Neil Cavuto",2.289163,0.918,0.569,0.35,0.213,0.13,0.104,0.004,260,7,false,17,13
88,"Kaitlan Collins","Kaitlan Collins",2.263487,0.908,0.563,0.346,0.211,0.129,0.103,0.004,411,7,false,2,7
89,"Mehdi Hasan","Mehdi Hasan",2.237811,0.898,0.557,0.342,0.208,0.127,0.102,0.004,349,7,true,1,12
90,"Joe Scarborough","Joe Scarborough",2.212136,0.888,0.55,0.338,0.206,0.126,0.101,0.004,294,7,true,2,11
91,"Mika Brzezinski","Mika Brzezinski",2.18646,0.877,0.544,0.334,0.203,0.125,0.1,0.004,322,7,true,2,11
92,"Kayleigh McEnany","Kayleigh McEnany",2.160784,0.867,0.537,0.33,0.201,0.123,0.098,0.004,217,7,true,21,14
93,"John Berman","John Berman",2.135108,0.857,0.531,0.326,0.199,0.122,0.097,0.004,199,7,true,9,18
94,"Rachel Maddow","Rachel Maddow",2.109432,0.846,0.525,0.322,0.196,0.12,0.096,0.004,324,7,true,3,8
95,"Sarah Isgur","Sarah Isgur",2.083756,0.836,0.518,0.318,0.194,0.119,0.095,0.004,79,7,true,13,13
96,"Laura Ingle","Laura Ingle",2.058081,0.826,0.512,0.314,0.191,0.117,0.094,0.004,239,7,false,13,13
97,"David French","David French",2.032405,0.815,0.505,0.31,0.189,0.116,0.093,0.004,195,7,true,13,19
98,"Benny Johnson","Benny Johnson",2.006729,0.805,0.499,0.307,0.187,0.114,0.091,0.004,169,7,true,16,13
99,"Fareed Zakaria","Fareed Zakaria",1.981053,0.795,0.493,0.303,0.184,0.113,0.09,0.004,182,7,true,8,9
100,"Jonathan Karl","Jonathan Karl",1.955377,0.784,0.486,0.299,0.182,0.111,0.089,0.004,123,7,true,8,8
101,"Abby Phillip","Abby Phillip",1.929701,0.774,0.48,0.295,0.179,0.11,0.088,0.004,395,7,true,1,11
102,"Nicolle Wallace","Nicolle Wallace",1.26213,0.506,0.313,0.193,0.117,0.072,0.057,0.004,352,7,false,5,10
103,"Markie Martin","Markie Martin",1.87835,0.753,0.467,0.287,0.175,0.107,0.086,0.004,132,6,true,18,12
104,"Michelle Goldberg","Michelle Goldberg",1.852674,0.743,0.461,0.283,0.172,0.105,0.084,0.004,166,7,true,8,12
105,"Steven Crowder","Steven Crowder",1.826998,0.733,0.454,0.279,0.17,0.104,0.083,0.004,283,7,true,20,10
106,"Jen Psaki","Jen Psaki",1.801322,0.722,0.448,0.275,0.167,0.103,0.082,0.004,219,7,true,4,9
107,"Jane Pauley","Jane Pauley",1.775646,0.712,0.441,0.271,0.165,0.101,0.081,0.004,227,7,true,13,11
108,"Allie Beth Stuckey","Allie Beth Stuckey",1.749971,0.702,0.435,0.267,0.163,0.1,0.08,0.004,212,7,true,16,13
109,"Matt Taibbi","Matt Taibbi",1.724295,0.691,0.429,0.263,0.16,0.098,0.079,0.004,252,7,true,9,11
110,"Astead Herndon","Astead Herndon",1.698619,0.681,0.422,0.259,0.158,0.097,0.077,0.004,318,7,true,7,10
111,"Derek Thompson","Derek Thompson",1.672943,0.671,0.416,0.255,0.156,0.095,0.076,0.004,328,7,false,5,13
112,"Vivek Ramaswamy","Vivek Ramaswamy",1.647267,0.66,0.409,0.252,0.153,0.094,0.075,0.004,178,7,true,19,13
113,"Dan Bongino","Dan Bongino",1.621591,0.65,0.403,0.248,0.151,0.092,0.074,0.004,213,7,true,20,14
114,"Jason L. Riley","Jason L. Riley",1.599071,0.641,0.397,0.244,0.149,0.091,0.073,0.004,272,7,true,9,8
115,"Alyssa Farah","Alyssa Farah",1.57024,0.63,0.39,0.24,0.146,0.089,0.071,0.004,0,7,true,16,11
116,"Kate Bolduan","Kate Bolduan",1.544564,0.619,0.384,0.236,0.144,0.088,0.07,0.004,254,7,true,4,12
117,"Victor Blackwell","Victor Blackwell",1.518888,0.609,0.377,0.232,0.141,0.086,0.069,0.004,169,7,true,7,9
118,"Savannah Guthrie","Savannah Guthrie",1.493212,0.599,0.371,0.228,0.139,0.085,0.068,0.004,299,7,true,8,8
119,"Joy Behar","Joy Behar",1.236454,0.495,0.307,0.189,0.115,0.07,0.056,0.004,384,7,true,3,10
120,"Patrick Bet-David","Patrick Bet-David",1.441861,0.578,0.358,0.22,0.134,0.082,0.066,0.004,76,7,true,16,14
121,"Tucker Carlson","Tucker Carlson",1.416185,0.568,0.352,0.216,0.132,0.081,0.064,0.004,222,7,true,20,13
122,"Reihan Salam","Reihan Salam",1.390509,0.557,0.345,0.212,0.129,0.079,0.063,0.004,245,7,true,14,11
123,"Alex Thompson","Alex Thompson",1.364833,0.547,0.339,0.208,0.127,0.078,0.062,0.004,240,7,true,14,13
124,"Katie Pavlich","Katie Pavlich",1.339157,0.537,0.333,0.204,0.124,0.076,0.061,0.004,136,7,true,14,13
125,"Megan McArdle","Megan McArdle",1.313482,0.526,0.326,0.2,0.122,0.075,0.06,0.004,234,7,true,17,16
126,"Amna Nawaz","Amna Nawaz",1.287806,0.516,0.32,0.196,0.12,0.073,0.059,0.004,288,7,true,9,8
127,"Kimberley A. Strassel","Kimberley Strassel",1.274026,0.51,0.316,0.194,0.118,0.072,0.058,0.004,260,7,true,10,16
128,"Whoopi Goldberg","Whoopi Goldberg",1.236454,0.495,0.307,0.189,0.115,0.07,0.056,0.004,315,7,true,4,15
129,"Emily Jashinsky","Emily Jashinsky",1.210778,0.485,0.301,0.185,0.112,0.069,0.055,0.004,227,7,true,13,11
130,"Jamelle Bouie","Jamelle Bouie",1.185102,0.475,0.294,0.181,0.11,0.067,0.054,0.004,289,7,true,4,16
131,"Jon Stewart","Jon Stewart",1.159427,0.464,0.288,0.177,0.108,0.066,0.053,0.004,352,7,true,1,10
132,"Jonah Goldberg","Jonah Goldberg",1.133751,0.454,0.281,0.173,0.105,0.064,0.052,0.004,227,7,true,16,13
133,"Michael Shellenberger","Michael Shellenberger",1.108075,0.444,0.275,0.169,0.103,0.063,0.05,0.004,204,7,false,15,10
134,"Tim Pool","Tim Pool",1.082399,0.433,0.269,0.165,0.1,0.062,0.049,0.004,208,7,true,13,10
135,"Dasha Burns","Dasha Burns",1.056723,0.423,0.262,0.161,0.098,0.06,0.048,0.004,273,7,true,8,8
136,"Brett Cooper","Brett Cooper",1.031047,0.413,0.256,0.157,0.096,0.059,0.047,0.004,398,7,true,17,4
137,"Yamiche Alcindor","Yamiche Alcindor",1.005372,0.402,0.249,0.153,0.093,0.057,0.046,0.004,332,7,true,1,10
138,"Hasan Piker","Hasan Piker",0.979696,0.392,0.243,0.149,0.091,0.056,0.045,0.004,464,7,true,1,1
139,"Brianna Keilar","Brianna Keilar",0.95402,0.382,0.237,0.145,0.089,0.054,0.043,0.004,376,7,true,3,8
140,"Rob Schmitt","Rob Schmitt",0.928344,0.372,0.23,0.141,0.086,0.053,0.042,0.004,224,7,true,19,13
141,"Theo Von","Theo Von",0.902668,0.361,0.224,0.138,0.084,0.051,0.041,0.004,208,7,true,13,8
142,"Glenn Greenwald","Glenn Greenwald",0.874392,0.35,0.217,0.133,0.081,0.05,0.04,0.004,216,6,true,14,7
143,"Erin Burnett","Erin Burnett",0.851317,0.341,0.211,0.13,0.079,0.048,0.039,0.004,323,7,true,2,7
144,"Steve Kornacki","Steve Kornacki",0.817463,0.327,0.203,0.125,0.076,0.046,0.037,0.004,207,7,true,7,12
145,"Greg Ip","Greg Ip",0.783926,0.313,0.194,0.119,0.073,0.044,0.036,0.004,301,7,true,18,18
146,"Jonathan Martin","Jonathan Martin",0.757832,0.303,0.188,0.115,0.07,0.043,0.034,0.004,233,7,true,7,10
147,"Glenn Loury","Glenn Loury",0.748613,0.299,0.186,0.114,0.069,0.042,0.034,0.004,240,7,true,7,11
148,"Sarah Longwell","Sarah Longwell",0.722937,0.289,0.179,0.11,0.067,0.041,0.033,0.004,227,7,true,14,10
149,"Krystal Ball","Krystal Ball",0.667814,0.267,0.165,0.102,0.062,0.038,0.03,0.004,230,7,true,8,8
150,"Michel Martin","Michel Martin",0.672953,0.269,0.167,0.102,0.062,0.038,0.031,0.004,282,7,true,6,14
151,"Saagar Enjeti","Saagar Enjeti",0.681427,0.272,0.169,0.104,0.063,0.039,0.031,0.004,154,7,true,13,14
152,"Geoff Bennett","Geoff Bennett",0.689116,0.275,0.171,0.105,0.064,0.039,0.031,0.004,228,7,true,10,17
153,"Nellie Bowles","Nellie Bowles",0.694802,0.278,0.172,0.106,0.064,0.039,0.032,0.004,226,7,true,14,18
154,"Glenn Beck","Glenn Beck",0.668174,0.267,0.165,0.102,0.062,0.038,0.03,0.004,434,7,false,25,10
155,"Jarod Taylor","Jarod Taylor",0.681925,0.272,0.169,0.104,0.063,0.039,0.031,0.004,376,7,true,23,16
156,"Ana Kasparian","Ana Kasparian",0.672483,0.269,0.167,0.102,0.062,0.038,0.031,0.004,431,7,false,2,6
157,"Coleman Hughes","Coleman Hughes",0.662391,0.265,0.164,0.101,0.061,0.038,0.03,0.004,195,7,true,18,13
158,"Clay Travis","Clay Travis",0.662001,0.264,0.164,0.101,0.061,0.038,0.03,0.004,221,7,true,12,13
159,"Buck Sexton","Buck Sexton",0.661885,0.264,0.164,0.101,0.061,0.038,0.03,0.004,221,7,true,12,13
160,"Michael Barbaro","Michael Barbaro",0.591913,0.236,0.146,0.09,0.055,0.034,0.027,0.004,267,7,true,8,13
161,"Andrew Huberman","Andrew Huberman",0.580719,0.232,0.144,0.088,0.054,0.033,0.026,0.004,89,7,true,16,14
162,"David Frum","David Frum",0.578077,0.231,0.143,0.088,0.053,0.033,0.026,0.004,361,7,false,1,15
163,"Eugene Daniels","Eugene Daniels",0.521174,0.208,0.129,0.079,0.048,0.03,0.024,0.004,216,7,true,8,13
164,"George Packer","George Packer",0.512914,0.205,0.127,0.078,0.047,0.029,0.023,0.004,335,7,false,1,12
165,"Shankar Vedantam","Shankar Vedantam",0.50955,0.203,0.126,0.077,0.047,0.029,0.023,0.004,253,7,true,12,19
166,"Dave Ramsey","Dave Ramsey",0.506974,0.202,0.125,0.077,0.047,0.029,0.023,0.004,308,7,true,16,13
167,"Howard Stern","Howard Stern",0.506003,0.202,0.125,0.077,0.047,0.029,0.023,0.004,420,7,true,1,10
168,"Natalie Kitroeff","Natalie Kitroeff",0.5059,0.202,0.125,0.077,0.047,0.029,0.023,0.004,165,7,true,8,12
