Rank,in App,Person,Outlet / Platform,Primary Medium,ViewerScorey,Political Category 1,Previous in App,Match Status,Matched App Name,Possible Issue
1,1,Joe Rogan,SPOTIFY,Podcast,"14,900,000",,1,Exact app match,Joe Rogan,
2,1,Sean Hannity,FOX,Cable TV,"14,556,081",,1,Exact app match,Sean Hannity,
3,1,Bill Maher,HBO,Cable TV,"14,088,042",,1,Exact app match,Bill Maher,
4,1,Laura Ingraham,FOX,Cable TV,"13,927,316",,1,Exact app match,Laura Ingraham,
5,1,David Muir,ABC,Broadcast TV,"13,854,611",,1,Exact app match,David Muir,
6,1,Lester Holt,NBC,Broadcast TV,"13,588,264",,1,Exact app match,Lester Holt,
7,1,Tony Dokoupil,CBS,Broadcast TV,"13,367,175",,1,Exact app match,Tony Dokoupil,
8,1,Leland Vittert,NEWSNATION,Cable TV,"13,155,600",,1,Exact app match,Leland Vittert,
9,1,Elizabeth Vargas,NEWSNATION,Cable TV,"13,062,658",,1,Exact app match,Elizabeth Vargas,
10,1,Tom Llamas,NBC,Broadcast TV,"12,908,194",,1,Exact app match,Tom Llamas,
11,1,Megyn Kelly,SIRIUSXM,Podcast,"12,803,872",,1,Exact app match,Megyn Kelly,
12,1,Scott Jennings,CNN,Cable TV,"12,672,831",,1,Exact app match,Scott Jennings,
13,1,Will Cain,FOX,Cable TV,"12,439,615",,1,Exact app match,Will Cain,
14,1,Connell McShane,NEWSNATION,Cable TV,"12,098,234",,1,Exact app match,Connell McShane,
15,1,Jesse Watters,FOX,Cable TV,"12,096,588",,1,Exact app match,Jesse Watters,
16,1,George Stephanopoulos,ABC,Broadcast TV,"11,585,786",,1,Exact app match,George Stephanopoulos,
17,1,Margaret Brennan,CBS,Broadcast TV,"11,217,609",,1,Exact app match,Margaret Brennan,
18,1,Martha MacCallum,FOX,Cable TV,"10,983,218",,1,Exact app match,Martha MacCallum,
19,1,Ezra Klein,NYT,Print,"10,774,514",,1,Exact app match,Ezra Klein,
20,1,Stephen A. Smith,YOUTUBE,Podcast,"10,921,443",,1,Exact app match,Stephen A. Smith,
21,1,Ari Shapiro,NPR,Radio,"10,375,766",,1,Exact app match,Ari Shapiro,
22,1,Nichole Berlie,NEWSNATION,Cable TV,"10,160,644",,1,Exact app match,Nichole Berlie,
23,1,Bret Baier,FOX,Cable TV,"9,962,958",Conservative,1,Exact app match,Bret Baier,
24,1,Norah O'Donnell,CBS,Broadcast TV,"9,764,829",,1,Exact app match,Norah O'Donnell,
25,1,Ben Shapiro,DAILYWIRE,Podcast,"9,706,126",Very Conservative,1,Exact app match,Ben Shapiro,
26,1,Ross Douthat,NYT,Print,"9,389,332",Conservative,1,Exact app match,Ross Douthat,
27,1,Piers Morgan,YOUTUBE,Digital Video,"9,316,976",Conservative,1,Exact app match,Piers Morgan,
28,1,Dana Perino,FOX,Cable TV,"9,152,883",Conservative,1,Exact app match,Dana Perino,
29,1,Blake Burman,NEWSNATION,Cable TV,"8,469,303",Conservative,1,Exact app match,Blake Burman,
30,1,Maggie Haberman,NYT,Print,"8,297,442",,1,Exact app match,Maggie Haberman,
31,1,Michael Smerconish,CNN,Cable TV,"8,131,629",,1,Exact app match,Michael Smerconish,
32,1,Mark Levin,FOX,Cable TV,"7,954,219",Very Conservative,1,Exact app match,Mark Levin,
33,1,Chris Cuomo,NEWSNATION,Cable TV,"7,696,559",,1,Exact app match,Chris Cuomo,
34,1,Chris Stirewalt,NEWSNATION,Cable TV,"7,564,156",Conservative,1,Exact app match,Chris Stirewalt,
35,1,Wolf Blitzer,CNN,Cable TV,"7,417,757",,1,Exact app match,Wolf Blitzer,
36,1,Jesse Weber,NEWSNATION,Cable TV,"7,272,474",,1,Exact app match,Jesse Weber,
37,1,Jessica Tarlov,FOX,Cable TV,"7,151,504",Very Liberal,1,Exact app match,Jessica Tarlov,
38,1,Craig Melvin,NBC,Broadcast TV,"6,993,676",,1,Exact app match,Craig Melvin,
39,1,Michael Knowles,DAILYWIRE,Podcast,"6,974,035",Very Conservative,1,Exact app match,Michael Knowles,
40,1,Brian Entin,NEWSNATION,Cable TV,"6,700,197",Liberal,1,Exact app match,Brian Entin,
41,1,Steve Inskeep,NPR,Radio,"6,621,499",,1,Exact app match,Steve Inskeep,
42,,Shannon Bream,FOX,Cable TV,"6,583,222",Conservative,,Not in app,,
43,1,John Dickerson,CBS,Broadcast TV,"6,305,151",,1,Exact app match,John Dickerson,
44,1,Brian Kilmeade,FOX,Cable TV,"6,024,046",Very Conservative,1,Exact app match,Brian Kilmeade,
45,1,Saagar Enjeti,BREAKINGPOINTS,Digital Video,"5,917,407",,1,Exact app match,Saagar Enjeti,
46,1,Lex Fridman,YOUTUBE,Podcast,"5,779,149",Conservative,1,Exact app match,Lex Fridman,
47,1,Anderson Cooper,CNN,Cable TV,"5,673,335",,1,Exact app match,Anderson Cooper,
48,1,Shawn Ryan,YOUTUBE,Podcast,"5,561,204",Conservative,1,Exact app match,Shawn Ryan,
49,1,Kasie Hunt,CNN,Cable TV,"5,485,901",,1,Exact app match,Kasie Hunt,
50,1,David Brooks,NYT / PBS,Print,"5,437,268",,1,Exact app match,David Brooks,
51,1,Bianna Golodryga,CNN,Cable TV,"5,411,375",,1,Exact app match,Bianna Golodryga,
52,1,Krystal Ball,BREAKINGPOINTS,Digital Video,"5,360,159",,1,Exact app match,Krystal Ball,
53,1,Marni Hughes,NEWSNATION,Cable TV,"4,988,797",Conservative,1,Exact app match,Marni Hughes,
54,1,Jake Tapper,CNN,Cable TV,"4,898,002",,1,Exact app match,Jake Tapper,
55,1,Kai Ryssdal,NPR / APM,Radio,"4,752,518",,1,Exact app match,Kai Ryssdal,
56,,Jordan Peterson,YOUTUBE,Podcast,"4,738,969",Conservative,,Not in app,,
57,,Peter Doocy,FOX,Cable TV,"4,519,145",Conservative,,Not in app,,
58,1,Harris Faulkner,FOX,Cable TV,"4,423,847",Conservative,1,Exact app match,Harris Faulkner,
59,,Matt Walsh,DAILYWIRE,Podcast,"4,349,649",Very Conservative,,Not in app,,
60,1,Maureen Dowd,NYT,Print,"4,273,458",Liberal,1,Exact app match,Maureen Dowd,
61,1,Kaitlan Collins,CNN,Cable TV,"4,162,971",,1,Exact app match,Kaitlan Collins,
62,1,Terry Gross,NPR,Radio,"4,027,037",Liberal,1,Exact app match,Terry Gross,
63,1,Dana Bash,CNN,Cable TV,"3,964,074",,1,Exact app match,Dana Bash,
64,,Anna Kooiman,NEWSNATION,Cable TV,"3,835,319",Conservative,,Not in app,,
65,1,Mary Louise Kelly,NPR,Radio,"3,778,518",Liberal,1,Exact app match,Mary Louise Kelly,
66,1,Nate Silver,SUBSTACK,Podcast,"3,750,579",Liberal,1,Exact app match,Nate Silver,
67,,Ben Meiselas,MEIDASTOUCH,Podcast,"3,668,530",Very Liberal,1,Not in app,,"Previously marked done, but no matching app layer"
68,,Douglas Murray,Author,Print,"3,517,500",Conservative,,Not in app,,
69,,Andrew Huberman,YOUTUBE,Podcast,"3,455,710",Conservative,,Not in app,,
70,,Nick Smith,NEWSNATION,Cable TV,"3,404,887",Conservative,,Not in app,,
71,1,Kristen Welker,NBC,Broadcast TV,"3,322,237",Liberal,1,Exact app match,Kristen Welker,
72,1,Deborah Roberts,ABC,Broadcast TV,"3,271,466",,1,Exact app match,Deborah Roberts,
73,1,Bill O'Reilly,NEWSNATION,Cable TV,"3,186,283",Very Conservative,1,Exact app match,Bill O'Reilly,
74,,Hena Doba,NEWSNATION,Cable TV,"3,129,862",Conservative,,Not in app,,
75,1,John King,CNN,Cable TV,"2,980,582",Liberal,1,Exact app match,John King,
76,,Greg Gutfeld,FOX,Cable TV,"2,939,691",Very Conservative,,Not in app,,
77,,Harold Ford Jr.,FOX,Cable TV,"2,834,305",Liberal,,Not in app,,
78,,Sam Harris,YOUTUBE,Podcast,"2,642,358",Liberal,1,Not in app,,"Previously marked done, but no matching app layer"
79,1,Chris Wallace,CNN,Cable TV,"2,731,011",,1,Exact app match,Chris Wallace,
80,1,Ana Kasparian,TYT,Digital Video,"2,722,389",Very Liberal,1,Exact app match,Ana Kasparian,
81,1,Chris Hayes,MS NOW,Cable TV,"2,668,285",Very Liberal,1,Exact app match,Chris Hayes,
82,1,Cenk Uygur,TYT,Digital Video,"2,781,019",Very Liberal,1,Exact app match,Cenk Uygur,
83,1,Abby Phillip,CNN,Cable TV,"2,520,634",,1,Exact app match,Abby Phillip,
84,,Amna Nawaz,PBS,Broadcast TV,"2,484,696",Liberal,,Not in app,,
85,,Maria Bartiromo,FOX,Cable TV,"2,446,660",Conservative,,Not in app,,
86,1,Lawrence O'Donnell,MS NOW,Cable TV,"2,342,185",,1,Exact app match,Lawrence O'Donnell,
87,,Neil Cavuto,FOX,Cable TV,"2,289,163",Conservative,,Not in app,,
88,1,Erin Burnett,CNN,Cable TV,"2,263,487",Liberal,1,Exact app match,Erin Burnett,
89,,Mehdi Hasan,ZETEO,Digital Video,"2,237,811",Very Liberal,,Not in app,,
90,1,Joe Scarborough,MS NOW,Cable TV,"2,212,136",Liberal,1,Exact app match,Joe Scarborough,
91,1,Mika Brzezinski,MS NOW,Cable TV,"2,186,460",Liberal,1,Exact app match,Mika Brzezinski,
92,1,Kayleigh McEnany,FOX,Cable TV,"2,160,784",Very Conservative,1,Exact app match,Kayleigh McEnany,
93,,John Berman,CNN,Cable TV,"2,135,108",Liberal,,Not in app,,
94,1,Rachel Maddow,MS NOW,Cable TV,"2,109,432",Very Liberal,1,Exact app match,Rachel Maddow,
95,1,Sarah Isgur,The Dispatch,Podcast,"2,083,756",Conservative,1,Exact app match,Sarah Isgur,
96,,Laura Ingle,NEWSNATION,Cable TV,"2,058,081",Conservative,,Not in app,,
97,1,David French,NYT,Print,"2,032,405",Conservative,1,Exact app match,David French,
98,1,Benny Johnson,YOUTUBE,Podcast,"2,006,729",Very Conservative,1,Exact app match,Benny Johnson,
99,,Fareed Zakaria,CNN,Cable TV,"1,981,053",Liberal,,Not in app,,
100,,Jonathan Karl,ABC,Broadcast TV,"1,955,377",Liberal,,Not in app,,
101,,Markie Martin,NEWSNATION,Cable TV,"1,929,701",Liberal,,Not in app,,
102,1,Nicolle Wallace,MS NOW,Cable TV,"1,262,130",Very Liberal,1,Exact app match,Nicolle Wallace,
103,,Victor Blackwell,CNN,Cable TV,"1,878,350",Liberal,,Not in app,,
104,1,Michelle Goldberg,NYT,Print,"1,852,674",Very Liberal,1,Exact app match,Michelle Goldberg,
105,1,Steven Crowder,RUMBLE,Podcast,"1,826,998",Very Conservative,1,Exact app match,Steven Crowder,
106,1,Jen Psaki,MS NOW,Cable TV,"1,801,322",Very Liberal,1,Exact app match,Jen Psaki,
107,1,Jane Pauley,CBS,Broadcast TV,"1,775,646",Conservative,1,Exact app match,Jane Pauley,
108,1,Allie Beth Stuckey,BLAZE,Podcast,"1,749,971",Very Conservative,1,Exact app match,Allie Beth Stuckey,
109,1,Matt Taibbi,RACKET NEWS,Print,"1,724,295",Conservative,1,Exact app match,Matt Taibbi,
110,,Astead Herndon,NYT,Podcast,"1,698,619",Liberal,,Not in app,,
111,,Pamela Brown,CNN,Cable TV,"1,672,943",Liberal,,Not in app,,
112,1,Vivek Ramaswamy,YOUTUBE,Podcast,"1,647,267",Very Conservative,1,Exact app match,Vivek Ramaswamy,
113,1,Dan Bongino,RUMBLE,Podcast,"1,621,591",Very Conservative,1,Exact app match,Dan Bongino,
114,,Geoff Bennett,PBS,Broadcast TV,"1,595,916",Liberal,,Not in app,,
115,1,Alyssa Farah,The View,Broadcast TV,"1,570,240",,1,Exact app match,Alyssa Farah,
116,,Kate Bolduan,CNN,Cable TV,"1,544,564",Very Liberal,,Not in app,,
117,,Michael Barbaro,NYT,Podcast,"1,518,888",Liberal,,Not in app,,
118,,Savannah Guthrie,NBC,Broadcast TV,"1,493,212",Liberal,,Not in app,,
119,1,Joy Behar,The View,Broadcast TV,"1,236,454",Very Liberal,1,Exact app match,Joy Behar,
120,1,Patrick Bet-David,VALUETAINMENT,Podcast,"1,441,861",Conservative,1,Exact app match,Patrick Bet-David,
121,1,Tucker Carlson,TCN,Podcast,"1,416,185",Very Conservative,1,Exact app match,Tucker Carlson,
122,1,Reihan Salam,FREE PRESS,Print,"1,390,509",Conservative,1,Exact app match,Reihan Salam,
123,1,Alex Thompson,AXIOS,Print,"1,364,833",Conservative,1,Exact app match,Alex Thompson,
124,1,Katie Pavlich,NEWSNATION,Cable TV,"1,339,157",Very Conservative,1,Exact app match,Katie Pavlich,
125,,Natalie Kitroeff,NYT,Podcast,"1,313,482",Liberal,,Not in app,,
126,,Steve Kornacki,MS NOW,Cable TV,"1,287,806",Liberal,,Not in app,,
127,,Coleman Hughes,THE FREE PRESS,Podcast,"1,904,026",Conservative,,Not in app,,
128,1,Whoopi Goldberg,The View,Broadcast TV,"1,236,454",Very Liberal,1,Exact app match,Whoopi Goldberg,
130,1,Jamelle Bouie,NYT,Print,"1,185,102",Very Liberal,1,Exact app match,Jamelle Bouie,
131,1,Jon Stewart,SPOTIFY,Podcast,"1,159,427",Very Liberal,1,Exact app match,Jon Stewart,
132,1,Jonah Goldberg,THE DISPATCH,Podcast,"1,133,751",Conservative,1,Exact app match,Jonah Goldberg,
133,,Michael Shellenberger,PUBLIC,Print,"1,108,075",Liberal,,Not in app,,
134,1,Tim Pool,TIMCAST,Podcast,"1,082,399",Conservative,1,Exact app match,Tim Pool,
135,1,Dasha Burns,POLITICO,Print,"1,056,723",Very Liberal,1,Exact app match,Dasha Burns,
136,1,Brett Cooper,YOUTUBE,Podcast,"1,031,047",Very Conservative,1,Exact app match,Brett Cooper,
137,,Yamiche Alcindor,NBC,Broadcast TV,1005372,Liberal,,Not in app,,
138,1,Hasan Piker,TWITCH,Podcast,"979,696",Very Liberal,1,Exact app match,Hasan Piker,
139,,Brianna Keilar,CNN,Cable TV,"954,020",Very Liberal,,Not in app,,
140,1,Rob Schmitt,Newsmax cable host,Cable TV,"928,344",Very Conservative,1,Exact app match,Rob Schmitt,
141,1,Theo Von,YOUTUBE,Podcast,"902,668",Conservative,1,Exact app match,Theo Von,
142,1,Glenn Greenwald,INDEPENDENT,Digital Video,,Conservative,1,Exact app match,Glenn Greenwald,
143,,Michel Martin,NPR,Radio,"851,317",Liberal,,Not in app,,
144,,Shankar Vedantam,NPR,Podcast,"825,641",Liberal,,Not in app,,
145,,Nellie Bowles,THE FREE PRESS,Print,"799,965",Conservative,,Not in app,,
146,,Jonathan Martin,POLITICO,Print,"757,832",Very Liberal,,Not in app,,
147,,Glenn Loury,THE GLENN SHOW,Podcast,"748,613",Liberal,,Not in app,,
148,1,Sarah Longwell,THE BULWARK,Podcast,"722,937",Conservative,1,Exact app match,Sarah Longwell,
149,1,Glenn Beck,BLAZE,Radio,"697,262",Very Conservative,1,Exact app match,Glenn Beck,
150,,Eugene Daniels,POLITICO,Print,"671,586",Very Liberal,,Not in app,,
150,,Anne Applebaum,The Atlantic,Print,,Very Liberal,,Not in app,,
151,,George F. Will,The Washington Post,Print,,Conservative,,Not in app,,
152,,Derek Thompson,The Atlantic,Print,,Very Liberal,,Not in app,,
153,,David Ignatius,The Washington Post,Print,,Liberal,,Not in app,,
154,,Megan McArdle,The Washington Post,Print,,Liberal,,Not in app,,
155,,Kimberley A. Strassel,The Wall Street Journal,Print,,Liberal,,Not in app,,
156,,George Packer,The Atlantic,Print,,Very Liberal,,Not in app,,
157,,David Frum,The Atlantic,Print,,Very Liberal,,Not in app,,
158,,Greg Ip,The Wall Street Journal,Print,,Liberal,,Not in app,,
159,,Jason L. Riley,The Wall Street Journal,Print,,Liberal,,Not in app,,
160,1,Emily Jashinsky,MK MEDIA,Podcast,"1,210,778",Conservative,,Exact app match,Emily Jashinsky,App layer was not marked done in data 14
