Rank,Person,Outlet / Platform,Primary Medium,ViewerScorey,Political Category 1,Done
1,Joe Rogan,SPOTIFY,Podcast,"14,900,000",,1
2,Sean Hannity,FOX,Cable TV,"14,556,081",,1
3,Bill Maher,HBO,Cable TV,"14,088,042",,1
4,Laura Ingraham,FOX,Cable TV,"13,927,316",,1
5,David Muir,ABC,Broadcast TV,"13,854,611",,1
6,Lester Holt,NBC,Broadcast TV,"13,588,264",,1
7,Tony Dokoupil,CBS,Broadcast TV,"13,367,175",,1
8,Leland Vittert,NEWSNATION,Cable TV,"13,155,600",,1
9,Elizabeth Vargas,NEWSNATION,Cable TV,"13,062,658",,1
10,Tom Llamas,NBC,Broadcast TV,"12,908,194",,1
11,Megyn Kelly,SIRIUSXM,Podcast,"12,803,872",,1
12,Scott Jennings,CNN,Cable TV,"12,672,831",,1
13,Will Cain,FOX,Cable TV,"12,439,615",,1
14,Connell McShane,NEWSNATION,Cable TV,"12,098,234",,1
15,Jesse Watters,FOX,Cable TV,"12,096,588",,1
16,George Stephanopoulos,ABC,Broadcast TV,"11,585,786",,1
17,Margaret Brennan,CBS,Broadcast TV,"11,217,609",,1
18,Martha MacCallum,FOX,Cable TV,"10,983,218",,1
19,Ezra Klein,NYT,Print,"10,774,514",Liberal,1
20,Stephen A. Smith,YOUTUBE,Podcast,"10,921,443",,1
21,Ari Shapiro,NPR,Radio,"10,375,766",Liberal,1
22,Nichole Berlie,NEWSNATION,Cable TV,"10,160,644",,1
23,Bret Baier,FOX,Cable TV,"9,962,958",Conservative,1
24,Norah O'Donnell,CBS,Broadcast TV,"9,764,829",,1
25,Ben Shapiro,DAILYWIRE,Podcast,"9,706,126",Very Conservative,1
26,Ross Douthat,NYT,Print,"9,389,332",Conservative,1
27,Piers Morgan,YOUTUBE,Digital Video,"9,316,976",Conservative,1
28,Dana Perino,FOX,Cable TV,"9,152,883",Conservative,1
29,Blake Burman,NEWSNATION,Cable TV,"8,469,303",Conservative,1
30,Maggie Haberman,NYT,Print,"8,297,442",Liberal,1
31,Michael Smerconish,CNN,Cable TV,"8,131,629",,1
32,Mark Levin,FOX,Cable TV,"7,954,219",Very Conservative,1
33,Chris Cuomo,NEWSNATION,Cable TV,"7,696,559",,1
34,Chris Stirewalt,NEWSNATION,Cable TV,"7,564,156",Conservative,1
35,Wolf Blitzer,CNN,Cable TV,"7,417,757",,1
36,Jesse Weber,NEWSNATION,Cable TV,"7,272,474",,1
37,Jessica Tarlov,FOX,Cable TV,"7,151,504",Very Liberal,1
38,Craig Melvin,NBC,Broadcast TV,"6,993,676",,1
39,Michael Knowles,DAILYWIRE,Podcast,"6,974,035",Very Conservative,1
40,Brian Entin,NEWSNATION,Cable TV,"6,700,197",Liberal,1
41,Steve Inskeep,NPR,Radio,"6,621,499",Liberal,1
42,Anne Applebaum,The Atlantic,Print,"6,583,222",Very Liberal,
43,John Dickerson,CBS,Broadcast TV,"6,305,151",,1
44,Brian Kilmeade,FOX,Cable TV,"6,024,046",Very Conservative,1
45,Saagar Enjeti,BREAKINGPOINTS,Digital Video,"5,917,407",,1
46,Lex Fridman,YOUTUBE,Podcast,"5,779,149",Conservative,1
47,Anderson Cooper,CNN,Cable TV,"5,673,335",,1
48,Shawn Ryan,YOUTUBE,Podcast,"5,561,204",Conservative,1
49,Kasie Hunt,CNN,Cable TV,"5,485,901",,1
50,David Brooks,NYT / PBS,Print,"5,437,268",Liberal,1
51,Bianna Golodryga,CNN,Cable TV,"5,411,375",,1
52,Krystal Ball,BREAKINGPOINTS,Digital Video,"5,360,159",,1
53,Marni Hughes,NEWSNATION,Cable TV,"4,988,797",Conservative,1
54,Jake Tapper,CNN,Cable TV,"4,898,002",,1
55,Kai Ryssdal,NPR / APM,Radio,"4,752,518",,1
56,Jordan Peterson,YOUTUBE,Podcast,"4,738,969",Conservative,
57,Peter Doocy,FOX,Cable TV,"4,519,145",Conservative,
58,Harris Faulkner,FOX,Cable TV,"4,423,847",Conservative,1
59,Matt Walsh,DAILYWIRE,Podcast,"4,349,649",Very Conservative,
60,Maureen Dowd,NYT,Print,"4,273,458",Liberal,1
61,Kaitlan Collins,CNN,Cable TV,"4,162,971",,1
62,Terry Gross,NPR,Radio,"4,027,037",Liberal,1
63,Dana Bash,CNN,Cable TV,"3,964,074",,1
64,Anna Kooiman,NEWSNATION,Cable TV,"3,835,319",Conservative,
65,Mary Louise Kelly,NPR,Radio,"3,778,518",Liberal,1
66,Nate Silver,SUBSTACK,Podcast,"3,750,579",Liberal,1
67,Ben Meiselas,MEIDASTOUCH,Podcast,"3,668,530",Very Liberal,
68,Douglas Murray,The Washington Post,Print,"3,517,500",Conservative,
69,Shannon Bream,FOX,Cable TV,"3,455,710",Conservative,
70,Nick Smith,NEWSNATION,Cable TV,"3,404,887",Conservative,
71,Kristen Welker,NBC,Broadcast TV,"3,322,237",Liberal,1
72,Deborah Roberts,ABC,Broadcast TV,"3,271,466",,1
73,Bill O'Reilly,NEWSNATION,Cable TV,"3,186,283",Very Conservative,1
74,Hena Doba,NEWSNATION,Cable TV,"3,129,862",Conservative,
75,John King,CNN,Cable TV,"2,980,582",Liberal,1
76,Greg Gutfeld,FOX,Cable TV,"2,939,691",Very Conservative,
77,Harold Ford Jr.,FOX,Cable TV,"2,834,305",Liberal,
78,Sam Harris,YOUTUBE,Podcast,"2,642,358",Liberal,
79,Chris Wallace,CNN,Cable TV,"2,731,011",,1
80,Ana Kasparian,TYT,Digital Video,"2,722,389",Very Liberal,1
81,Chris Hayes,MS NOW,Cable TV,"2,668,285",Very Liberal,1
82,Cenk Uygur,TYT,Digital Video,"2,781,019",Very Liberal,1
83,Abby Phillip,CNN,Cable TV,"2,520,634",,1
84,George F. Will,The Washington Post,Print,"2,484,696",Conservative,
85,Maria Bartiromo,FOX,Cable TV,"2,446,660",Conservative,
86,Lawrence O'Donnell,MS NOW,Cable TV,"2,342,185",,1
87,Neil Cavuto,FOX,Cable TV,"2,289,163",Conservative,
88,Erin Burnett,CNN,Cable TV,"2,263,487",Liberal,1
89,Mehdi Hasan,ZETEO,Digital Video,"2,237,811",Very Liberal,
90,Joe Scarborough,MS NOW,Cable TV,"2,212,136",Liberal,1
91,Mika Brzezinski,MS NOW,Cable TV,"2,186,460",Liberal,1
92,Kayleigh McEnany,FOX,Cable TV,"2,160,784",Very Conservative,1
93,John Berman,CNN,Cable TV,"2,135,108",Liberal,
94,Rachel Maddow,MS NOW,Cable TV,"2,109,432",Very Liberal,1
95,Sarah Isgur,The Dispatch,Podcast,"2,083,756",Conservative,1
96,Laura Ingle,NEWSNATION,Cable TV,"2,058,081",Conservative,
97,David French,NYT,Print,"2,032,405",Conservative,1
98,Benny Johnson,YOUTUBE,Podcast,"2,006,729",Very Conservative,1
99,Fareed Zakaria,CNN,Cable TV,"1,981,053",Liberal,
100,Jonathan Karl,ABC,Broadcast TV,"1,955,377",Liberal,
101,David Ignatius,The Washington Post,,"1,929,701",Liberal,
102,Nicolle Wallace,MS NOW,Cable TV,"1,262,130",Very Liberal,1
103,Victor Blackwell,CNN,Cable TV,"1,878,350",Liberal,
104,Michelle Goldberg,NYT,Print,"1,852,674",Very Liberal,1
105,Steven Crowder,RUMBLE,Podcast,"1,826,998",Very Conservative,1
106,Jen Psaki,MS NOW,Cable TV,"1,801,322",Very Liberal,1
107,Jane Pauley,CBS,Broadcast TV,"1,775,646",Conservative,1
108,Allie Beth Stuckey,BLAZE,Podcast,"1,749,971",Very Conservative,1
109,Matt Taibbi,RACKET NEWS,Print,"1,724,295",Conservative,1
110,Astead Herndon,NYT,Podcast,"1,698,619",Liberal,
111,Derek Thompson,The Atlantic,Print,"1,672,943",Very Liberal,
112,Vivek Ramaswamy,YOUTUBE,Podcast,"1,647,267",Very Conservative,1
113,Dan Bongino,RUMBLE,Podcast,"1,621,591",Very Conservative,1
114,Jason L. Riley,The Wall Street Journal,,1599071,Liberal,
115,Alyssa Farah,The View,Broadcast TV,"1,570,240",,1
116,Kate Bolduan,CNN,Cable TV,"1,544,564",Very Liberal,
117,Markie Martin,NEWSNATION,Cable TV,"1,518,888",Conservative,
118,Savannah Guthrie,NBC,Broadcast TV,"1,493,212",Liberal,
119,Joy Behar,The View,Broadcast TV,"1,236,454",Very Liberal,1
120,Patrick Bet-David,VALUETAINMENT,Podcast,"1,441,861",Conservative,1
121,Tucker Carlson,TCN,Podcast,"1,416,185",Very Conservative,1
122,Reihan Salam,FREE PRESS,Print,"1,390,509",Conservative,1
123,Alex Thompson,AXIOS,Print,"1,364,833",Conservative,1
124,Katie Pavlich,NEWSNATION,Cable TV,"1,339,157",Very Conservative,1
125,Megan McArdle,The Washington Post,,"1,313,482",Conservative,
126,Amna Nawaz,PBS,Broadcast TV,"1,287,806",Liberal,
127,Kimberley A. Strassel,The Wall Street Journal,,1904026,Liberal,
128,Whoopi Goldberg,The View,Broadcast TV,"1,236,454",Very Liberal,1
129,Emily Jashinsky,MK MEDIA,Podcast,"1,210,778",Conservative,1
130,Jamelle Bouie,NYT,Print,"1,185,102",Very Liberal,1
131,Jon Stewart,SPOTIFY,Podcast,"1,159,427",Very Liberal,1
132,Jonah Goldberg,THE DISPATCH,Podcast,"1,133,751",Conservative,1
133,Michael Shellenberger,PUBLIC,Print,"1,108,075",Liberal,
134,Tim Pool,TIMCAST,Podcast,"1,082,399",Conservative,1
135,Dasha Burns,POLITICO,Print,"1,056,723",Very Liberal,1
136,Brett Cooper,YOUTUBE,Podcast,"1,031,047",Very Conservative,1
137,Yamiche Alcindor,NBC,Broadcast TV,"1,005,372",Liberal,
138,Hasan Piker,TWITCH,Podcast,"979,696",Very Liberal,1
139,Brianna Keilar,CNN,Cable TV,"954,020",Very Liberal,
140,Rob Schmitt,Newsmax cable host,Cable TV,"928,344",Very Conservative,1
141,Theo Von,YOUTUBE,Podcast,902668,Conservative,1
142,Glenn Greenwald,INDEPENDENT,Digital Video,874392,Conservative,1
143,Pamela Brown,CNN,Cable TV,846715,Liberal,
144,Steve Kornacki,MS NOW,Cable TV,817463,Liberal,
145,Greg Ip,The Wall Street Journal,Print,783926,Liberal,
146,Jonathan Martin,POLITICO,Print,757832,Very Liberal,
147,Glenn Loury,THE GLENN SHOW,Podcast,748613,Liberal,
148,Sarah Longwell,THE BULWARK,Podcast,722937,Conservative,1
149,Geoff Bennett,PBS,Broadcast TV,697262,,
150,Michel Martin,NPR,Radio,851317,Liberal,
150,Eugene Daniels,POLITICO,Print,671586,Very Liberal,
151,Shankar Vedantam,NPR,Podcast,825641,Liberal,
152,Nellie Bowles,THE FREE PRESS,Print,799965,Conservative,
153,Glenn Beck,BLAZE,Radio,763428,Very Conservative,1
154,George Packer,The Atlantic,Print,728174,Very Liberal,
155,Natalie Kitroeff,NYT,Podcast,694853,Liberal,
156,Coleman Hughes,THE FREE PRESS,Podcast,662391,Conservative,
157,David Frum,The Atlantic,Print,634726,Very Liberal,
158,Michael Barbaro,NYT,Podcast,607418,Liberal,
159,Andrew Huberman,YOUTUBE,Podcast,"580,719",Conservative,